{
  "stories": {
    "story_1": {
      "title": "Story 1",
      "scenes": [
        {
          "scene_number": 1,
          "duration_seconds": 6,
          "visual_description": "A sunny park with green grass and trees",
          "narration_text": "On a bright morning, Ali arrived at the park."
        },
        {
          "scene_number": 2,
          "duration_seconds": 6,
          "visual_description": "A young boy wearing a red shirt holding a blue kite",
          "narration_text": "Ali held his kite as the gentle wind began to blow."
        },
        {
          "scene_number": 3,
          "duration_seconds": 6,
          "visual_description": "Boy running across the park while flying a kite",
          "narration_text": "He ran happily as the kite flew higher in the sky."
        },
        {
          "scene_number": 4,
          "duration_seconds": 6,
          "visual_description": "Close-up view of a blue kite moving against a clear sky",
          "narration_text": "The kite danced freely in the warm breeze."
        },
        {
          "scene_number": 5,
          "duration_seconds": 6,
          "visual_description": "Boy smiling and looking up at the sky in the park",
          "narration_text": "Ali smiled with joy, enjoying every moment."
        }
      ]
    },
    "story_2": {
      "title": "Story 2",
      "scenes": [
        {
          "scene_number": 1,
          "duration_seconds": 6,
          "visual_description": "A quiet bedroom with a desk lamp turned on at night",
          "narration_text": "Late at night, a young girl sat quietly at her desk."
        },
        {
          "scene_number": 2,
          "duration_seconds": 6,
          "visual_description": "Girl reading a book and taking notes",
          "narration_text": "She focused deeply on her studies, determined to succeed."
        },
        {
          "scene_number": 3,
          "duration_seconds": 6,
          "visual_description": "Clock showing late hours of the night",
          "narration_text": "Time passed, but her determination never faded."
        },
        {
          "scene_number": 4,
          "duration_seconds": 6,
          "visual_description": "Girl yawning but continuing to study",
          "narration_text": "Even when tired, she refused to give up."
        },
        {
          "scene_number": 5,
          "duration_seconds": 6,
          "visual_description": "Morning sunlight entering the room as the girl smiles",
          "narration_text": "As morning arrived, she smiled with hope and confidence."
        }
      ]
    },
    "story_3": {
      "title": "Story 3",
      "scenes": [
        {
          "scene_number": 1,
          "duration_seconds": 6,
          "visual_description": "A tall mountain under a blue sky",
          "narration_text": "A tall mountain stood proudly against the sky."
        },
        {
          "scene_number": 2,
          "duration_seconds": 6,
          "visual_description": "A man hiking up a rocky trail",
          "narration_text": "A man began his challenging climb toward the top."
        },
        {
          "scene_number": 3,
          "duration_seconds": 6,
          "visual_description": "Man climbing with effort and determination",
          "narration_text": "Each step tested his strength and patience."
        },
        {
          "scene_number": 4,
          "duration_seconds": 6,
          "visual_description": "Man reaching the mountain peak",
          "narration_text": "Finally, he reached the summit."
        },
        {
          "scene_number": 5,
          "duration_seconds": 6,
          "visual_description": "Man standing on the peak looking at the view",
          "narration_text": "He felt proud as he looked over the world below."
        }
      ]
    },
    "story_4": {
      "title": "Story 4",
      "scenes": [
        {
          "scene_number": 1,
          "duration_seconds": 6,
          "visual_description": "A cloudy city street with buildings",
          "narration_text": "The city looked dull under heavy clouds."
        },
        {
          "scene_number": 2,
          "duration_seconds": 6,
          "visual_description": "Raindrops falling on the street",
          "narration_text": "Soon, rain began to fall softly."
        },
        {
          "scene_number": 3,
          "duration_seconds": 6,
          "visual_description": "People walking with umbrellas in the rain",
          "narration_text": "People moved through the streets with colorful umbrellas."
        },
        {
          "scene_number": 4,
          "duration_seconds": 6,
          "visual_description": "Rain reflections on the road lights",
          "narration_text": "Lights reflected beautifully on the wet roads."
        },
        {
          "scene_number": 5,
          "duration_seconds": 6,
          "visual_description": "City glowing after the rain",
          "narration_text": "The rain transformed the city into something magical."
        }
      ]
    },
    "story_5": {
      "title": "Story 5",
      "scenes": [
        {
          "scene_number": 1,
          "duration_seconds": 6,
          "visual_description": "A small child walking alone",
          "narration_text": "A young child walked quietly down the street."
        },
        {
          "scene_number": 2,
          "duration_seconds": 6,
          "visual_description": "Child noticing another child looking sad",
          "narration_text": "He noticed another child sitting sadly nearby."
        },
        {
          "scene_number": 3,
          "duration_seconds": 6,
          "visual_description": "Child offering a helping hand",
          "narration_text": "Without hesitation, he offered help."
        },
        {
          "scene_number": 4,
          "duration_seconds": 6,
          "visual_description": "Two children smiling together",
          "narration_text": "Their smiles showed the power of kindness."
        },
        {
          "scene_number": 5,
          "duration_seconds": 6,
          "visual_description": "Children walking away happily",
          "narration_text": "The child learned that kindness makes everyone happier."
        }
      ]
    }
  }
}